{
  "$schema": "https://schema.management.azure.com/schemas/2019-04-01/deploymentTemplate.json#",
  "contentVersion": "1.0.0.0",
  "parameters": {
    "appServicePlanName": {
      "type": "string",
      "defaultValue": "appServicePlan1",
      "metadata": {
        "description": "App service Plan Name"
      }
    },
    "webAppName": {
      "type": "string",
      "defaultValue": "webApp1",
      "metadata": {
        "description": "Web App Name"
      }
    }
  },
  "functions": [],
  "variables": {},
  "resources": [
    {
      "name": "[parameters('appServicePlanName')]",
      "type": "Microsoft.Web/serverfarms",
      "apiVersion": "2018-02-01",
      "location": "[resourceGroup().location]",
      "sku": {
        "name": "F1",
        "capacity": 1
      },
      "tags": {
        "displayName": "[parameters('appServicePlanName')]"
      },
      "properties": {
        "name": "[parameters('appServicePlanName')]"
      }
    },
    {
      "name": "[parameters('webAppName')]",
      "type": "Microsoft.Web/sites",
      "apiVersion": "2018-11-01",
      "location": "[resourceGroup().location]",
      "tags": {
        "[concat('hidden-related:', resourceGroup().id, '/providers/Microsoft.Web/serverfarms/', parameters('appServicePlanName'))]": "Resource",
        "displayName": "[parameters('webAppName')]"
      },
      "dependsOn": [
        "[resourceId('Microsoft.Web/serverfarms', parameters('appServicePlanName'))]"
      ],
      "properties": {
        "name": "[parameters('webAppName')]",
        "serverFarmId": "[resourceId('Microsoft.Web/serverfarms', parameters('appServicePlanName'))]",
        "siteConfig": {
          "netFrameworkVersion": "v5.0"
        }
      }
    }
  ],
  "outputs": {}
}
